{
  "project_info": {
    "project_number": "318215503190",
    "project_id": "peak-castle-374618",
    "storage_bucket": "peak-castle-374618.appspot.com"
  },
  "client": [
    {
      "client_info": {
        "mobilesdk_app_id": "1:318215503190:android:9280d95f752fe389d9eaf7",
        "android_client_info": {
          "package_name": "com.example.firebasetest"
        }
      },
      "oauth_client": [],
      "api_key": [
        {
          "current_key": "AIzaSyCn4sNJ8nUmQpskqKW8gwmE-EY8cRAb1So"
        }
      ],
      "services": {
        "appinvite_service": {
          "other_platform_oauth_client": []
        }
      }
    },
    {
      "client_info": {
        "mobilesdk_app_id": "1:318215503190:android:637edec2dcaa4454d9eaf7",
        "android_client_info": {
          "package_name": "com.example.tsr_app"
        }
      },
      "oauth_client": [],
      "api_key": [
        {
          "current_key": "AIzaSyCn4sNJ8nUmQpskqKW8gwmE-EY8cRAb1So"
        }
      ],
      "services": {
        "appinvite_service": {
          "other_platform_oauth_client": []
        }
      }
    }
  ],
  "configuration_version": "1"
}